{"cameraMode":{"drawMode":0,"name":"Shaded","section":"Shading Mode"},"sceneLighting":true,"audioPlay":false,"sceneViewState":{"showFog":true,"showMaterialUpdate":false,"showSkybox":true,"showFlares":true,"showImageEffects":true,"showParticleSystems":true,"showVisualEffectGraphs":true,"m_FxEnabled":false},"in2DMode":false,"pivot":{"x":-3.147250175476074,"y":6.8032917976379398,"z":-137.9328155517578},"rotation":{"x":0.0000026418003926664825,"y":-0.9999657869338989,"z":-0.011692311614751816,"w":-0.002391139045357704},"size":66.77904510498047,"orthographic":false}